{
  "project_info": {
    "project_number": "108948918146",
    "project_id": "the-c-s-world-83czhb",
    "storage_bucket": "the-c-s-world-83czhb.appspot.com"
  },
  "client": [
    {
      "client_info": {
        "mobilesdk_app_id": "1:108948918146:android:ebfd2309ea3b628bbc499b",
        "android_client_info": {
          "package_name": "com.mycompany.thecsworld"
        }
      },
      "oauth_client": [],
      "api_key": [
        {
          "current_key": "AIzaSyB6mYPlVDQOuAxj5SwepWMW3I5lv6UXaUE"
        }
      ],
      "services": {
        "appinvite_service": {
          "other_platform_oauth_client": []
        }
      }
    }
  ],
  "configuration_version": "1"
}